	Depositor Agent Agent DT2 issued deposit of $427 at 13/02/2024 20:44:24 EST Transaction Number : 2
Withdrawal Agent Agent WT6 issued withdraw of $87 at 13/02/2024 20:44:26 EST Transaction Number : 8
Withdrawal Agent Agent WT6 issued withdraw of $76 at 13/02/2024 20:44:26 EST Transaction Number : 9
Withdrawal Agent Agent WT7 issued withdraw of $93 at 13/02/2024 20:44:26 EST Transaction Number : 11
Withdrawal Agent Agent WT5 issued withdraw of $77 at 13/02/2024 20:44:26 EST Transaction Number : 12
Withdrawal Agent Agent WT8 issued withdraw of $88 at 13/02/2024 20:44:26 EST Transaction Number : 13
Withdrawal Agent Agent WT5 issued withdraw of $94 at 13/02/2024 20:44:27 EST Transaction Number : 17
Withdrawal Agent Agent WT4 issued withdraw of $76 at 13/02/2024 20:44:27 EST Transaction Number : 23
Withdrawal Agent Agent WT5 issued withdraw of $80 at 13/02/2024 20:44:28 EST Transaction Number : 26
Withdrawal Agent Agent WT7 issued withdraw of $85 at 13/02/2024 20:44:28 EST Transaction Number : 27
Withdrawal Agent Agent WT2 issued withdraw of $76 at 13/02/2024 20:44:28 EST Transaction Number : 30
Withdrawal Agent Agent WT4 issued withdraw of $77 at 13/02/2024 20:44:28 EST Transaction Number : 31
Withdrawal Agent Agent WT3 issued withdraw of $90 at 13/02/2024 20:44:29 EST Transaction Number : 33
Withdrawal Agent Agent WT1 issued withdraw of $91 at 13/02/2024 20:44:32 EST Transaction Number : 41
Withdrawal Agent Agent WT10 issued withdraw of $88 at 13/02/2024 20:44:32 EST Transaction Number : 42
Withdrawal Agent Agent WT4 issued withdraw of $89 at 13/02/2024 20:44:34 EST Transaction Number : 53
Withdrawal Agent Agent WT10 issued withdraw of $86 at 13/02/2024 20:44:35 EST Transaction Number : 55
Withdrawal Agent Agent WT1 issued withdraw of $90 at 13/02/2024 20:44:35 EST Transaction Number : 61
Withdrawal Agent Agent WT7 issued withdraw of $83 at 13/02/2024 20:44:37 EST Transaction Number : 73
Withdrawal Agent Agent WT7 issued withdraw of $80 at 13/02/2024 20:44:37 EST Transaction Number : 79
	Depositor Agent Agent DT2 issued deposit of $472 at 13/02/2024 20:44:37 EST Transaction Number : 80
	Depositor Agent Agent DT3 issued deposit of $499 at 13/02/2024 20:44:38 EST Transaction Number : 87
Withdrawal Agent Agent WT7 issued withdraw of $98 at 13/02/2024 20:44:38 EST Transaction Number : 90
Withdrawal Agent Agent WT5 issued withdraw of $77 at 13/02/2024 20:44:39 EST Transaction Number : 94
Withdrawal Agent Agent WT7 issued withdraw of $87 at 13/02/2024 20:44:39 EST Transaction Number : 98
Withdrawal Agent Agent WT1 issued withdraw of $99 at 13/02/2024 20:44:39 EST Transaction Number : 99
Withdrawal Agent Agent WT6 issued withdraw of $97 at 13/02/2024 20:44:39 EST Transaction Number : 100
	Depositor Agent Agent DT2 issued deposit of $470 at 13/02/2024 20:44:43 EST Transaction Number : 114
Withdrawal Agent Agent WT3 issued withdraw of $98 at 13/02/2024 20:44:43 EST Transaction Number : 115
Withdrawal Agent Agent WT6 issued withdraw of $95 at 13/02/2024 20:44:44 EST Transaction Number : 121
Withdrawal Agent Agent WT3 issued withdraw of $96 at 13/02/2024 20:44:44 EST Transaction Number : 122
Withdrawal Agent Agent WT7 issued withdraw of $86 at 13/02/2024 20:44:44 EST Transaction Number : 124
Withdrawal Agent Agent WT3 issued withdraw of $83 at 13/02/2024 20:44:46 EST Transaction Number : 128
Withdrawal Agent Agent WT6 issued withdraw of $76 at 13/02/2024 20:44:46 EST Transaction Number : 135
	Depositor Agent Agent DT3 issued deposit of $447 at 13/02/2024 20:44:47 EST Transaction Number : 140
Withdrawal Agent Agent WT5 issued withdraw of $99 at 13/02/2024 20:44:47 EST Transaction Number : 144
Withdrawal Agent Agent WT8 issued withdraw of $82 at 13/02/2024 20:44:48 EST Transaction Number : 147
Withdrawal Agent Agent WT1 issued withdraw of $78 at 13/02/2024 20:44:48 EST Transaction Number : 152
Withdrawal Agent Agent WT5 issued withdraw of $92 at 13/02/2024 20:44:49 EST Transaction Number : 154
Withdrawal Agent Agent WT4 issued withdraw of $80 at 13/02/2024 20:44:49 EST Transaction Number : 156
	Depositor Agent Agent DT5 issued deposit of $354 at 13/02/2024 20:44:50 EST Transaction Number : 159
Withdrawal Agent Agent WT4 issued withdraw of $92 at 13/02/2024 20:44:50 EST Transaction Number : 160
Withdrawal Agent Agent WT6 issued withdraw of $95 at 13/02/2024 20:44:50 EST Transaction Number : 162
Withdrawal Agent Agent WT7 issued withdraw of $85 at 13/02/2024 20:44:50 EST Transaction Number : 163
Withdrawal Agent Agent WT3 issued withdraw of $100 at 13/02/2024 20:44:51 EST Transaction Number : 166
Withdrawal Agent Agent WT8 issued withdraw of $100 at 13/02/2024 20:44:51 EST Transaction Number : 177
Withdrawal Agent Agent WT5 issued withdraw of $81 at 13/02/2024 20:44:52 EST Transaction Number : 182
Withdrawal Agent Agent WT1 issued withdraw of $86 at 13/02/2024 20:44:52 EST Transaction Number : 184
	Depositor Agent Agent DT1 issued deposit of $402 at 13/02/2024 20:44:56 EST Transaction Number : 190
Withdrawal Agent Agent WT9 issued withdraw of $82 at 13/02/2024 20:44:57 EST Transaction Number : 192
Withdrawal Agent Agent WT3 issued withdraw of $84 at 13/02/2024 20:44:57 EST Transaction Number : 195
Withdrawal Agent Agent WT1 issued withdraw of $77 at 13/02/2024 20:44:58 EST Transaction Number : 198
Withdrawal Agent Agent WT4 issued withdraw of $100 at 13/02/2024 20:44:58 EST Transaction Number : 205
Withdrawal Agent Agent WT8 issued withdraw of $99 at 13/02/2024 20:45:00 EST Transaction Number : 212
Withdrawal Agent Agent WT6 issued withdraw of $88 at 13/02/2024 20:45:01 EST Transaction Number : 218
Withdrawal Agent Agent WT9 issued withdraw of $96 at 13/02/2024 20:45:03 EST Transaction Number : 225
	Depositor Agent Agent DT2 issued deposit of $400 at 13/02/2024 20:45:06 EST Transaction Number : 232
Withdrawal Agent Agent WT5 issued withdraw of $86 at 13/02/2024 20:45:12 EST Transaction Number : 255
Withdrawal Agent Agent WT9 issued withdraw of $91 at 13/02/2024 20:45:12 EST Transaction Number : 260
Withdrawal Agent Agent WT10 issued withdraw of $85 at 13/02/2024 20:45:13 EST Transaction Number : 262
Withdrawal Agent Agent WT1 issued withdraw of $99 at 13/02/2024 20:45:13 EST Transaction Number : 263
Withdrawal Agent Agent WT1 issued withdraw of $100 at 13/02/2024 20:45:21 EST Transaction Number : 266
	Depositor Agent Agent DT2 issued deposit of $487 at 13/02/2024 20:45:23 EST Transaction Number : 276
Withdrawal Agent Agent WT3 issued withdraw of $88 at 13/02/2024 20:45:23 EST Transaction Number : 277
Withdrawal Agent Agent WT5 issued withdraw of $89 at 13/02/2024 20:45:24 EST Transaction Number : 278
Withdrawal Agent Agent WT8 issued withdraw of $84 at 13/02/2024 20:45:24 EST Transaction Number : 281
Withdrawal Agent Agent WT9 issued withdraw of $81 at 13/02/2024 20:45:24 EST Transaction Number : 283
Withdrawal Agent Agent WT1 issued withdraw of $86 at 13/02/2024 20:45:25 EST Transaction Number : 287
Withdrawal Agent Agent WT10 issued withdraw of $83 at 13/02/2024 20:45:25 EST Transaction Number : 290
	Depositor Agent Agent DT3 issued deposit of $355 at 13/02/2024 20:45:27 EST Transaction Number : 298
Withdrawal Agent Agent WT8 issued withdraw of $86 at 13/02/2024 20:45:27 EST Transaction Number : 299
Withdrawal Agent Agent WT5 issued withdraw of $84 at 13/02/2024 20:45:27 EST Transaction Number : 300
Withdrawal Agent Agent WT6 issued withdraw of $81 at 13/02/2024 20:45:27 EST Transaction Number : 301
Withdrawal Agent Agent WT9 issued withdraw of $78 at 13/02/2024 20:45:27 EST Transaction Number : 302
	Depositor Agent Agent DT4 issued deposit of $498 at 13/02/2024 20:45:29 EST Transaction Number : 306
Withdrawal Agent Agent WT5 issued withdraw of $95 at 13/02/2024 20:45:29 EST Transaction Number : 308
Withdrawal Agent Agent WT7 issued withdraw of $96 at 13/02/2024 20:45:30 EST Transaction Number : 312
Withdrawal Agent Agent WT10 issued withdraw of $99 at 13/02/2024 20:45:31 EST Transaction Number : 318
Withdrawal Agent Agent WT10 issued withdraw of $76 at 13/02/2024 20:45:35 EST Transaction Number : 326
Withdrawal Agent Agent WT5 issued withdraw of $77 at 13/02/2024 20:45:39 EST Transaction Number : 334
Withdrawal Agent Agent WT6 issued withdraw of $95 at 13/02/2024 20:45:39 EST Transaction Number : 339
Withdrawal Agent Agent WT5 issued withdraw of $76 at 13/02/2024 20:45:41 EST Transaction Number : 345
Withdrawal Agent Agent WT4 issued withdraw of $76 at 13/02/2024 20:45:42 EST Transaction Number : 348
	Depositor Agent Agent DT2 issued deposit of $426 at 13/02/2024 20:45:43 EST Transaction Number : 353
Withdrawal Agent Agent WT6 issued withdraw of $91 at 13/02/2024 20:45:43 EST Transaction Number : 355
Withdrawal Agent Agent WT6 issued withdraw of $87 at 13/02/2024 20:45:43 EST Transaction Number : 356
Withdrawal Agent Agent WT8 issued withdraw of $76 at 13/02/2024 20:45:48 EST Transaction Number : 368
Withdrawal Agent Agent WT8 issued withdraw of $96 at 13/02/2024 20:45:48 EST Transaction Number : 369
	Depositor Agent Agent DT1 issued deposit of $476 at 13/02/2024 20:45:52 EST Transaction Number : 380
Withdrawal Agent Agent WT3 issued withdraw of $93 at 13/02/2024 20:45:53 EST Transaction Number : 382
Withdrawal Agent Agent WT2 issued withdraw of $92 at 13/02/2024 20:45:53 EST Transaction Number : 384
Withdrawal Agent Agent WT10 issued withdraw of $83 at 13/02/2024 20:45:53 EST Transaction Number : 386
	Depositor Agent Agent DT1 issued deposit of $405 at 13/02/2024 20:45:54 EST Transaction Number : 389
Withdrawal Agent Agent WT3 issued withdraw of $81 at 13/02/2024 20:45:54 EST Transaction Number : 394
Withdrawal Agent Agent WT7 issued withdraw of $97 at 13/02/2024 20:45:54 EST Transaction Number : 395
	Depositor Agent Agent DT1 issued deposit of $359 at 13/02/2024 20:45:55 EST Transaction Number : 396
Withdrawal Agent Agent WT1 issued withdraw of $97 at 13/02/2024 20:45:55 EST Transaction Number : 400
	Depositor Agent Agent DT1 issued deposit of $476 at 13/02/2024 20:45:58 EST Transaction Number : 413
Withdrawal Agent Agent WT3 issued withdraw of $76 at 13/02/2024 20:45:59 EST Transaction Number : 417
Withdrawal Agent Agent WT1 issued withdraw of $77 at 13/02/2024 20:46:00 EST Transaction Number : 430
Withdrawal Agent Agent WT7 issued withdraw of $77 at 13/02/2024 20:46:01 EST Transaction Number : 434
